state_of_origin,salary
Andhra Pradesh,920000.0
Assam,775000.0
Bihar,830000.0
Chhattisgarh,855000.0
Delhi,916666.6666666666
Goa,770000.0
Gujarat,850000.0
Haryana,955000.0
Himachal Pradesh,620000.0
Jharkhand,690000.0
Karnataka,916666.6666666666
Kerala,922500.0
Madhya Pradesh,800000.0
Maharashtra,975000.0
Manipur,800000.0
Odisha,670000.0
Punjab,990000.0
Rajasthan,810000.0
Tamil Nadu,926666.6666666666
Telangana,850000.0
Uttar Pradesh,880000.0
Uttarakhand,870000.0
West Bengal,843333.3333333334
